lgdCode,name,nameTa,typeCode
252954,Abiramam,அபிராமம்,7
253002,Achampudur,அச்சன்புதூர்,7
252348,Acharapakkam,அச்சரபாக்கம்,7
252607,Adikaratti,அதிகரட்டி,7
252840,Adiramapattinam,அதிராமப்பட்டிணம்,5
252818,Aduthurai,ஆடுதுறை,7
252702,Agaram,அகரம்,7
253090,Agastheeswaram,அகஸ்தீஸ்வரம்,7
252505,Alampalayam,ஆலம்பாளையம்,7
252883,Alanganallur,அலங்காநல்லுhர்,7
252395,Alangayam,ஆலங்காயம்,7
252852,Alangudi,ஆலங்குடி,7
253008,Alangulam,ஆலங்குளம்,7
252658,Alanthurai,ஆலந்துரை,7
253012,Alwarkurichi,ஆழ்வார்குறிச்சி,7
252977,Alwarthirunagiri,ஆழ்வார்திருநகரி,7
253014,Ambasamudram,Ambasamudram,5
252391,Ambur,Ambur,5
252714,Ammainaickanur,அம்மைநாயக்கனூர்,7
252533,Ammapettai,அம்மாபேட்டை,7
252829,Ammapettai,அம்மாப்பேட்டை,7
252361,Ammoor,அம்மூர்,7
252678,Anaimalai,ஆனைமலை,7
252437,Ananthapuram,அனந்தபுரம்,7
253089,Anjugrammam,அஞ்சுகிராமம்,7
252782,Annamalai Nagar,அண்ணாமலைநகர்,7
252844,Annavasal,அன்னவாசல்,7
252614,Annur,அன்னூர்,7
252535,Anthiyur,அந்தியூர்,7
252537,Appakudal,ஆப்பக்கூடல்,7
252575,Arachalur,அரச்சலூர்,7
252445,Arakandanallur,அரகண்டநல்லூர்,7
252367,Arakkonam,Arakkonam,5
253076,Aralvaimozhi,ஆரல்வாய்மொழி,7
252263,Arani,ஆரணி,7
252422,Arani,Arani,5
252854,Aranthangi,Aranthangi,5
252471,Arasiramani,அரசிராமணி,7
252719,Aravakurichi,அரவக்குறிச்சி,7
252373,Arcot,Arcot,5
252850,Arimalam,அரிமளம்,7
252767,Ariyalur,Ariyalur,5
252529,Ariyappampalayam,அரியப்பம்பாளையம்,7
253033,Arumanai,அருமனை,7
252760,Arumbavur,அரும்பாவூர்,7
252981,Arumuganeri,ஆறுமுகனேரி,7
252947,Aruppukkottai,Aruppukkottai,5
252536,Athani,அத்தானி,7
252509,Athanur,அத்தனூர்,7
252979,Athur,ஆத்தூர்,7
253055,Athur,ஆத்தூர்,7
252483,Attayampatti,ஆட்டையாம்பட்டி,7
252491,Attur,Attur,5
252922,Aundipatti,ஆண்டிப்பட்டி,7
252276,Avadi,Avadi,4
252572,Avalpoondurai,அவல்பூந்துரை,7
252870,A.Vellalapatti,அ.வெள்ளாளபட்டி,7
252615,Avinashi,அவிநாசி,5
252691,Ayakudi,ஆயக்குடி,7
252996,Aygudi,ஆய்க்குடி,7
252486,Ayothiapattinam,அயோத்தியாபட்டணம்,7
252699,Ayyalur,அய்யலூர்,7
252711,Ayyampalayam,அய்யம்பாளையம்,7
252340,Ayyampettai,அய்யம்பேட்டை,7
260288,Azhagappapuram,அழகப்பாபுரம்,7
253073,Azhagiapandipuram,அழகியபாண்டியபுரம்,7
252740,Balakrishnampatti,பாலகிருட்டிணம்பட்டி,7
252694,Balasamudram,பாலசமுத்திரம்,7
252401,Bargur,பர்கூர்,7
252718,Batlagundu,வத்தலகுண்டு,7
252487,Belur,பேளூர்,7
252539,Bhavani,Bhavani,5
252530,Bhavanisagar,பவானிசாகர்,7
252779,Bhuvanagiri,புவனகிரி,7
252609,Bikkatty,பிக்கட்டி,7
252415,B.Mallapuram,பொ. மல்லாபுரம்,7
252896,B. Meenakshipuram,போ. மீனாட்சிபுரம்,7
252897,Bodinayakanur,Bodinayakanur,5
253074,Boothapandi,பூதப்பாண்டி,7
252895,Boothipuram,பூதிப்புரம்,7
252333,Chengalpattu,Chengalpattu,5
252432,Chengam,செங்கம்,5
252584,Chennasamudram,சென்னசமுத்திரம்,7
252562,Chennimalai,சென்னிமலை,7
253019,Cheranmahadevi,சேரன்மகாதேவி,7
252430,Chetpet,சேத்துப்பட்டு,7
252926,Chettiarpatti,செட்டியார்பட்டி,7
252617,Chettipalayam,செட்டிபாளையம்,7
252781,Chidambaram,Chidambaram,5
252593,Chinnakkampalayam,சின்னக்காம்பாளையம்,7
252709,Chinnalapatti,சின்னாளப்பட்டி,7
252913,Chinnamanur,Chinnamanur,5
252452,Chinnasalem,சின்னசேலம்,7
252564,Chithode,சித்தோடு,7
252819,Cholapuram,சோழபுரம்,7
252653,Coimbatore,Coimbatore,4
253068,Colachel,கொலாச்சல்,5
252605,Coonoor,Coonoor,5
253001,Courtalam,குற்றாலம்,7
252773,Cuddalore,Cuddalore,4
252918,Cumbum,Cumbum,5
252406,Denkanikottai,தேன்கனிக்கோட்டை,7
252427,Desur,தேசூர்,7
252899,Devadanapatti,தேவதானப்பட்டி,7
252864,Devakottai,தேவகோட்டை,5
252595,Devarshola,தேவர்சோலா,7
252688,Dhali,தளி,7
252656,Dhaliyur,தளியூர்,7
252592,Dharapuram,Dharapuram,5
252417,Dharmapuri,Dharmapuri,5
252707,Dindigul,Dindigul,4
253034,Edaicode,இடைக்கோடு,7
252349,Edaikazhinadu,இடைக்கழிநாடு,7
252470,Edanganasalai,இடங்கணசாலை,5
252468,Edappadi,எடப்பாடி,5
260289,Elampillai,இளம்பிள்ளை,7
252548,Elathur,எலத்தூர்,7
252885,Elumalai,எழுமலை,7
252975,Eral,ஏரல்,7
253064,Eraniel,இரணியல்,7
252698,Eriodu,எரியோடு,7
252568,Erode,Erode,4
252520,Erumaipatti,எருமைப்பட்டி,7
253028,Eruvadi,ஏர்வாடி,7
252489,Ethapur,ஏத்தாப்பூர்,7
252966,Ettayapuram,எட்டையபுரம்,7
252666,Ettimadai,எட்டிமடை,7
253081,Ganapathipuram,கணபதிபுரம்,7
252788,Gangaikondan,கெங்கைகொண்டான்,7
252496,Gangavalli,கெங்கவல்லி,7
252900,Ganguvarpatti,கெங்குவார்பட்டி,7
252436,Gingee,செஞ்சி,7
252547,Gobichettipalayam,Gobichettipalayam,5
253022,Gopalasamudram,கோபாலசமுத்திரம்,7
252294,Greater Chennai Corporation,பெருநகர சென்னை மாநகராட்சி,4
252596,Gudalur,Gudalur,5
252639,Gudalur,Gudalur,5
252920,Gudalur-Cbe,கூடலூர்,5
252351,Gudiyatham,Gudiyatham,5
252262,Gummidipoondi,கும்மிடிப்பூண்டி,7
252916,Hanumanthampatti,அனுமந்தன்பட்டி,7
252413,Harur,அரூர்,5
252921,Highways,ஹைவேவிஸ்,7
252399,Hosur,Hosur,4
252608,Huligal,உலிக்கல்,7
252641,Idikarai,இடிகரை,7
252999,Ilanji,இலஞ்சி,7
252869,Ilayangudi,இளையான்குடி,7
252843,Iluppur,இலுப்பூர்,7
252629,Irugur,இருகூர்,7
252602,Jagathala,ஜெகதளா,7
252462,Jalakandapuram,ஜலகண்டாபுரம்,7
252538,Jambai,ஜம்பை,7
252765,Jayankondam,Jayankondam,5
252397,Jolarpet,Jolarpet,5
252964,Kadambur,கடம்பூர்,7
252414,Kadathur,கடத்தூர்,7
253032,Kadayal,கடையல்,7
252463,Kadayampatti,காடையாம்பட்டி,7
252994,Kadayanallur,Kadayanallur,5
300593,Kalakadu,களக்காடு நகராட்சி,5
252428,Kalambur,களம்பூர்,7
252516,Kalappanaickenpatti,காளப்பநாயக்கன்பட்டி,7
252376,Kalavai,கலவை,7
253036,Kaliyakkavilai,களியக்காவிளை,7
252744,Kallakudi,கள்ளக்குடி,7
252451,Kallakurichi,கள்ளக்குறிச்சி,5
253017,Kallidaikurichi,கல்லிடைக்குறிச்சி,7
253065,Kallukuttam,கல்லுக்கூட்டம்,7
252961,Kalugumalai,கழுகுமலை,7
252919,Kamayagoundanpatti,காமயகவுண்டன்பட்டி,7
252412,Kambainallur,கம்பைநல்லூர்,7
252955,Kamuthi,கமுதி,7
252858,Kanadukathan,கானாடுகாத்தான்,7
252982,Kanam,கானம்,7
252336,Kancheepuram,Kancheepuram,4
252861,Kandanur,கந்தனூர்,7
290455,Kangeyam,காங்கேயம்,5
252682,Kaniyur,கணியூர்,7
252553,Kanjikovil,காஞ்சிக்கோயில்,7
252420,Kannamangalam,கண்ணமங்கலம்,7
252634,Kannampalayam,கண்ணம்பாளயம்,7
252475,Kannankurichi,கன்னங்குறிச்சி,7
252589,Kannivadi,கன்னிவாடி,7
252705,Kannivadi,கன்னிவாடி,7
253091,Kanniyakumari,கன்னியாகுமரி,5
253058,Kappiyarai,கப்பியறை,7
252863,Karaikudi,Karaikudi,5
252613,Karamadai,காரமடை,5
252851,Karambakkudi,கரம்பக்குடி,7
252945,Kariapatti,காரியப்பட்டி,7
252408,Karimangalam,காரிமங்கலம்,7
252554,Karumandi Chellipalayam,கருமாண்டிசெல்லிபாளையம்,7
252628,Karumathampatti,கருமத்தம்பட்டி,5
253046,Karungal,கருங்கல்,7
252346,Karunguzhi,கருங்குழி,7
252465,Karuppur,கருப்பூர்,7
252725,Karur,Karur,4
252546,Kasipalayam (G),காசிப்பாளையம்(கோபி),7
252785,Kattumannarkoil,காட்டுமன்னார்கோயில்,7
252735,Kattuputhur,காட்டுப்புத்தூர்,7
252371,Kaveripakkam,காவேரிப்பாக்கம்,7
252404,Kaveripattinam,காவேரிப்பட்டிணம்,7
252980,Kayalpattinam,Kayalpattinam,5
252965,Kayatharu,கயத்தாறு,7
252958,Keelakarai,Keelakarai,5
252853,Keeramangalam,கீரமங்கலம்,7
252690,Keeranur,கீரனூர்,7
252845,Keeranur,கீரனூர்,7
252493,Keeripatti,கீரிப்பட்டி,7
253044,Keezhkulam,கீழ்குளம்,7
252405,Kelamangalam,கெலமங்கலம்,7
252527,Kembainaickenpalayam,கெம்பைநாய்க்கன்பாளையம்,7
252603,Kethi,கேத்தி,7
252577,Kilambadi,கிளாம்பாடி,7
253007,Kilapavoor,கீழப்பாவூர்,7
252610,Kilkunda,கீழ்குந்தா,7
252780,Killai,கிள்ளை,7
253045,Killiyoor,கிள்ளியூர்,7
252433,Kilpennathur,கீழ்பென்னாத்தூர்,7
252799,Kilvelur,கீழ்வேலூர்,7
252670,Kinathukadavu,கிணத்துக்கடவு,7
252713,Kodaikanal,Kodaikanal,5
252804,Kodavasal,குடவாசல்,7
252583,Kodumudi,கொடுமுடி,7
252549,Kolappalur,கொளப்பலூர்,7
252591,Kolathupalayam,கொளத்துபாளையம்,7
252455,Kolathur,கொளத்தூர்,7
253042,Kollancode,கொல்லங்கோடு,5
252580,Kollankoil,கொல்லன்கோயில்,7
252687,Komaralingam,கொமரலிங்கம்,7
252499,Komarapalayam,Komarapalayam,5
252912,Kombai,கோம்பை,7
252469,Konganapuram,கொங்கணாபுரம்,7
252810,Koothanallur,Koothanallur,5
252752,Koothappar,கூத்தப்பார்,7
252805,Koradacheri,கொரடாச்சேரி,7
252601,Kotagiri,கோத்தகிரி,5
253053,Kothanallur,கோதைநல்லூர்,7
252860,Kottaiyur,கோட்டையூர்,7
252440,Kottakuppam,கோட்டக்குப்பம்,5
253088,Kottaram,கொட்டாரம்,7
252681,Kottur,கோட்டூர்,7
252962,Kovilpatti,Kovilpatti,5
252402,Krishnagiri,Krishnagiri,5
252729,Krishnarayapuram,கிருஷ்ணராயபுரம்,7
252909,Kuchanur,குச்சனூர்,7
252544,Kugalur,கூகலூர்,7
253050,Kulasekaram,குலசேகரம்,7
252731,Kulithalai,Kulithalai,5
253052,Kumarapuram,குமாரபுரம்,7
252823,Kumbakonam,Kumbakonam,4
252298,Kundrathur,குன்றத்தூர்,5
252556,Kunnathur,குன்னத்தூர்,7
252775,Kurinjipadi,குறிஞ்சிப்பாடி,7
252761,Kurumbalur,குறும்பலூர்,7
252795,Kuthalam,குத்தாலம்,7
253038,Kuzhithurai,Kuzhithurai,5
252763,Labbaikudikadu,லப்பைக்குடிகாடு,7
252545,Lakkampatti,லக்கம்பட்டி,7
252747,Lalgudi,லால்குடி,5
252784,Lalpet,லால்பேட்டை,7
252685,Madathukulam,மடத்துக்குளம்,7
252665,Madukkarai,மதுக்கரை,5
252838,Madukkur,மதுக்கூர்,7
252889,Madurai,Madurai,4
252347,Madurantakam,மதுராந்தகம்,5
252946,Mallankinaru,மல்லாங்கிணறு,7
252501,Mallasamudram,மல்லசமுத்திரம்,7
252485,Mallur,மல்லூர்,7
252344,Mamallapuram,மாமல்லபுரம்,5
252931,Mamsapuram,மம்சாபுரம்,7
252743,Manachanallur,மண்ணச்சநல்லூர்,7
252793,Manalmedu,மணல்மேடு,7
252444,Manalurpet,மணலூர்பேட்டை,7
252868,Manamadurai,மானாமதுரை,5
252757,Manapparai,Manapparai,5
253069,Manavalakurichi,மணவாளக்குறிச்சி,7
253070,Mandaikadu,மண்டைக்காடு,7
252959,Mandapam,மண்டபம்,7
252295,Mangadu,மாங்காடு,5
252786,Mangalampet,மங்கலம்பேட்டை,7
253023,Manimutharu,மணிமுத்தாறு,7
252811,Mannargudi,Mannargudi,5
252330,Maraimalainagar,Maraimalainagar,5
252439,Marakkanam,மரக்காணம்,7
252407,Marandahalli,மாரண்டஹள்ளி,7
252910,Markayankottai,மார்க்கையன்கோட்டை,7
252732,Marudur,மருதூர்,7
253078,Marungur,மருங்கூர்,7
252794,Mayiladuthurai,Mayiladuthurai,5
252454,Mecheri,மேச்சேரி,7
252898,Melachokkanathapuram,மேலச்சொக்கநாதபுரம்,7
253000,Melagaram,மேலகரம்,7
253021,Melaseval,மேலச்சேவல்,7
252832,Melathiruppanthuruthi,மேலத்திருப்பந்துருத்தி,7
252828,Melattur,மெலட்டூர்,7
252768,Melpattampakkam,மேல்பட்டாம்பாக்கம்,7
252871,Melur,Melur,5
252366,Melvisharam,Melvisharam,5
252612,Mettupalayam,Mettupalayam,5
252736,Mettupalayam,மேட்டுப்பாளையம்,7
252457,Mettur,Mettur,5
252265,Minjur,மீஞ்சூர்,7
252573,Modakkurichi,மொடக்குறிச்சி,7
252521,Mohanur,மோகனூர்,7
253024,Moolaikaraipatti,மூலைக்கரைப்பட்டி,7
252627,Mopperipalayam,மோப்பேரிபாளையம்,7
252953,Mudukulathur,முதுகுளத்தூர்,7
253013,Mukkudal,முக்கூடல்,7
253057,Mulagumudu,முளகுமூடு,7
252590,Mulanur,மூலனூர்,7
252738,Musiri,முசிறி,5
252813,Muthupet,முத்துப்பேட்டை,7
252585,Muthur,முத்தூர்,7
253083,Mylaudy,மயிலாடி,7
252599,Naduvattam,நடுவட்டம்,7
299500,Nagapattinam,Nagapattinam,5
253079,Nagercoil,Nagercoil,4
252410,Nagojanahalli,நாகோஜனஹள்ளி,7
252555,Nallampatti,நல்லம்பட்டி,7
260663,Nalloor,நல்லூர்,7
252514,Namagiripettai,நாமகிரிப்பேட்டை,7
252518,Namakkal,Namakkal,5
252550,Nambiyur,நம்பியூர்,7
252329,Nandivaram - Guduvancheri,நந்திரவரம்-கூடுவாஞ்சேரி,5
252459,Nangavalli,நங்கவள்ளி,7
252733,Nangavaram,நங்கவரம்,7
253026,Nanguneri,நாங்குனேரி,7
252807,Nannilam,நன்னிலம்,7
253010,Naranammalpuram,நாரணம்மாள்புரம்,7
260290,Narasimhanaickenpalayam,நரசிம்மநாய்க்கன்பாளையம்,7
252363,Narasingapuram,Narasingapuram,5
252283,Naravarikuppam,நாரவாரிக்குப்பம்,7
252565,Nasiyanur,நசியனூர்,7
252701,Natham,நத்தம்,7
252396,Natrampalli,நாட்ராம்பள்ளி,7
252865,Nattarasankottai,நாட்டரசன்கோட்டை,7
252983,Nazerath,நாசரேத்,7
252809,Needamangalam,நீடாமங்கலம்,7
252693,Neikkarapatti,நெய்காரப்பட்டி,7
252769,Nellikuppam,Nellikuppam,5
252594,Nelliyalam,Nelliyalam,5
252369,Nemili,நெமிலி,7
252532,Nerinjipettai,நெருஞ்சிபேட்டை,7
252855,Nerkuppai,நெற்குப்பை,7
253066,Neyyoor,நெய்யூர்,7
252715,Nilakkottai,நிலக்கோட்டை,7
260291,No. 4 Veerapandi,வீரபாண்டி,7
252914,Odaipatti,ஓடைப்பட்டி,7
252679,Odaiyakulam,ஒடையகுளம்,7
252695,Oddanchatram,Oddanchatram,5
252389,Odugathur,ஒடுக்கத்தூர்,7
252534,Olagadam,ஒலகடம்,7
252464,Omalur,ஓமலூர்,7
252837,Orathanadu,ஒரந்தநாடு,7
252668,Othakalmandapam,ஒத்தக்கால்மண்டபம்,7
252597,O Valley,ஓவேலி,7
253037,Pacode,பாகோடு,7
252500,Padaiveedu,படவீடு,7
253061,Padmanabhapuram,Padmanabhapuram,5
252409,Palakkodu,பாலக்கோடு,7
252880,Palamedu,பாலமேடு,7
252692,Palani,Palani,5
252906,Palani Chettipatti,பழனிசெட்டிபட்டி,7
260292,Palappallam,பாலப்பள்ளம்,7
252696,Palayam,பாளையம்,7
252636,Palladam,Palladam,5
252552,Pallapalayam,பள்ளபாளையம்,7
252633,Pallapalayam,பள்ளப்பாளையம்,7
252720,Pallapatti,பள்ளப்பட்டி,5
252859,Pallathur,பள்ளத்தூர்,7
252377,Pallikonda,பள்ளிக்கொண்டா,7
252506,Pallipalayam,Pallipalayam,5
252270,Pallipattu,பள்ளிப்பட்டு,7
253035,Palugal,பழுகல்,7
253031,Panagudi,பணகுடி,7
252481,Panaimarathupatti,பனமரத்துப்பட்டி,7
252372,Panapakkam,பனப்பாக்கம்,7
252525,Pandamangalam,பாண்டமங்கலம்,7
252712,Pannaikadu,பண்ணைக்காடு,7
252911,Pannaipuram,பண்ணைபுரம்,7
253004,Panpoli,பன்பொழி,7
252770,Panruti,Panruti,5
252826,Papanasam,பாபநாசம்,7
252484,Papparapatti,பாப்பாரப்பட்டி,7
252416,Pappireddipatti,பாப்பிரெட்டிப்பட்டி,7
252952,Paramakudi,Paramakudi,5
252522,Paramathi,பரமத்தி,7
252777,Parangipettai,பரங்கிப்பேட்டை,7
252872,Paravai,பரவை,7
252574,Pasur,பாசூர்,7
253020,Pathamadai,பத்தமடை,7
252511,Pattanam,பட்டணம்,7
252717,Pattiveeranpatti,பட்டிவீரன்பட்டி,7
252839,Pattukkottai,Pattukkottai,5
252790,Pennadam,பெண்ணாடம்,7
252419,Pennagaram,பென்னாகரம்,7
252388,Pennathur,பென்னாத்தூர்,7
252886,Peraiyur,பேரையூர்,7
252806,Peralam,பேரளம்,7
252762,Perambalur,Perambalur,5
252425,Peranamallur,பெரணமல்லூர்,7
252841,Peravurani,பேரவூரணி,7
252541,Periyakodiveri,பெரியகொடிவேரி,7
252902,Periyakulam,Periyakulam,5
252638,Periyanaickenpalayam,பெரியநாய்க்கன்பாளையம்,7
252671,Periya Negamam,பெரியநெகமம்,7
252350,Pernambut,பேரணாம்பட்டு,5
252842,Perumagalur,பெருமகளூர்,7
252558,Perundurai,பெருந்துறை,5
252974,Perungulam,பெருங்குளம்,7
252661,Perur,பேரூர்,7
252551,Pethampalayam,பெத்தாம்பாளையம்,7
252490,Pethanaickenpalayam,பெத்தநாயக்கன்பாளையம்,7
252515,Pillanallur,பிள்ளாநல்லூர்,7
252730,P.J. Cholapuram,பி.ஜே சோழபுரம்,7
252543,P.Mettupalayam,பி மேட்டுப்பாளையம்,7
252458,P.N.Patti,பி என் பட்டி,7
252674,Pollachi,Pollachi,5
252429,Polur,போளூர்,5
253051,Ponmanai,பொன்மனை,7
252849,Ponnamaravathi,பொன்னமராவதி,7
252758,Ponnampatti,பொன்னம்பட்டி,7
252264,Ponneri,பொன்னேரி,5
252759,Poolambadi,பூலாம்பாடி,7
252467,Poolampatti,பூலாம்பட்டி,7
252659,Pooluvapatti,பூலுவப்பட்டி,7
252278,Poonamallee,Poonamallee,5
260293,Poovalur,பூவாளுர்,7
252524,Pothanur,பொத்தனூர்,7
252271,Pothatturpettai,பொதட்டூர்பேட்டை,7
252848,Pudukkottai,Pudukkottai,5
252431,Pudupalayam,புதுப்பாளையம்,7
252917,Pudupatti,புதுப்பட்டி,7
253005,Pudur (S),புதூர் (எஸ்),7
252862,Puduvayal,புதுவயல்,7
300381,Pugalur,புகலூர்,5
252990,Puliangudi,புளியங்குடி,5
252726,Puliyur,புலியூர்,7
252745,Pullampadi,புல்லம்பாடி,7
252531,Punjaipuliampatti,Punjaipuliampatti,5
252723,Punjai Thottakurichi,புஞ்சைதோட்டக்குறிச்சி,7
253085,Puthalam,புத்தளம்,7
253041,Puthukkadai,புதுக்கடை,7
252923,Rajapalayam,Rajapalayam,5
252957,Ramanathapuram,Ramanathapuram,5
290447,Rameswaram,ராமேஸ்வரம்,5
252364,Ranipet,Ranipet,5
252512,Rasipuram,Rasipuram,5
252988,Rayagiri,ராயகிரி,7
253067,Reethapuram,ரீத்தாபுரம்,7
252510,R.Pudupatti,ஆர் புதுப்பட்டி,7
252951,R.S.Mangalam,ஆர் எஸ் மங்கலம்,7
252588,Rudravathi,ருத்ராவதி,7
252540,Salangapalayam,சலங்கபாளையம்,7
252474,Salem,Salem,4
252630,Samalapuram,சாமளாபுரம்,7
252677,Samathur,சமத்தூர்,7
252995,Sambavar Vadagarai,சாம்பவார்வடகரை,7
252686,Sankaramanallur,சங்கராமநல்லூர்,7
252992,Sankarankovil,சங்கரன்கோவில்,5
252448,Sankarapuram,சங்கராபுரம்,7
252473,Sankari,சங்ககிரி,5
253009,Sankarnagar,சங்கர்நகர்,7
252642,Sarcarsamakulam,சர்க்கார்சாமகுளம்,7
252986,Sathankulam,சாத்தான்குளம்,7
252528,Sathyamangalam,Sathyamangalam,5
252948,Sattur,Sattur,5
252956,Sayalgudi,சாயல்குடி,7
252973,Sayapuram,சாயர்புரம்,7
252513,Seerapalli,சீராப்பள்ளி,7
252924,Seithur,சேத்தூர்,7
253006,Sengottai,செங்கோட்டை,5
252517,Senthamangalam,சேந்தமங்கலம்,7
252498,Sentharapatti,செந்தாரப்பட்டி,7
252778,Sethiathoppu,சேத்தியாதோப்பு,7
252716,Sevugampatti,சேவுகம்பட்டி,7
252882,Sholavandan,சோழவந்தான்,7
252360,Sholingur,சோளிங்கர்,5
252598,Sholur,சோலூர்,7
252856,Singampuneri,சிங்கம்புனரி,7
252791,Sirkali,சீர்காழி,5
252748,Sirugamani,சிறுகமணி,7
252611,Sirumugai,சிறுமுகை,7
252710,Sithayankottai,சித்தையன்கோட்டை,7
252866,Sivagangai,Sivagangai,5
252579,Sivagiri,சிவகிரி,7
252987,Sivagiri,சிவகிரி,7
252938,Sivakasi,Sivakasi,4
252742,S. Kannanur,எஸ். கண்ணணூர்,7
252928,S.Kodikulam,எஸ் கொடிக்குளம்,7
252783,Srimushnam,ஸ்ரீமுஷ்ணம்,7
252299,Sriperumbudur,திருப்பெரும்புதூர்,5
252704,Sriramapuram,ஸ்ரீராமபுரம்,7
252976,Srivaikuntam,ஸ்ரீவைகுண்டம்,7
252932,Srivilliputhur,Srivilliputhur,5
253082,Suchindrum,சுசீந்திரம்,7
252676,Suleeswaranpatti,சூளேஸ்வரன்பட்டி,7
252632,Sulur,சூலூர்,7
252930,Sundarapandiam,சுந்தரபாண்டியம்,7
252998,Sundarapandiapuram,சுந்தரபாண்டியபுரம்,7
252993,Surandai,சுரண்டை,5
252822,Swamimalai,சுவாமிமலை,7
252319,Tambaram,Tambaram,4
252997,Tenkasi,Tenkasi,5
252703,Thadikombu,தாடிக்கொம்பு,7
252370,Thakkolam,தக்கோலம்,7
252801,Thalainayar,தலைஞாயிறு,7
252901,Thamaraikulam,தாமரைக்குளம்,7
252497,Thammampatti,தம்மம்பட்டி,7
252833,Thanjavur,Thanjavur,4
252466,Tharamangalam,தாரமங்கலம்,5
252796,Tharangambadi,தரங்கம்பாடி,7
252737,Thathaiyangarpet,தாத்தையங்கார்பேட்டை,7
253075,Thazhakudy,தாழக்குடி,7
252495,Thedavur,தெடாவூர்,7
252905,Theni-Allinagaram,தேனி அல்லிநகரம்,5
252660,Thenkarai,தென்கரை,7
252903,Thenkarai,தென்கரை,7
253087,Thenthamaraikulam,தென்தாமரைக்குளம்,7
252978,Thenthiruperai,தென்திருப்பேரை,7
253077,Therur,தேரூர்,7
252908,Thevaram,தேவாரம்,7
252472,Thevur,தேவூர்,7
252450,Thiagadurgam,தியாகதுருகம்,7
253071,Thingalnagar,திங்கள்நகர்,7
253048,Thirparappu,திற்பரப்பு,7
253027,Thirukarungudi,திருக்கரன்குடி,7
252831,Thirukkattupalli,திருக்காட்டுப்பள்ளி,7
252667,Thirumalayampalayam,திருமலையாம்பாளையம்,7
252279,Thirumazhisai,திருமழிசை,7
252616,Thirumuruganpoondi,திருமுருகன்பூண்டி,5
252824,Thirunageswaram,திருநாகேஸ்வரம்,7
252275,Thirunindravur,திருநின்றவூர்,5
252398,Thirupathur,Thirupathur,5
252332,Thiruporur,திருப்போரூர்,7
252814,Thiruppanandal,திருப்பனந்தாள்,7
252816,Thirupuvanam,திருபுவனம்,7
252867,Thirupuvanam,திருபுவனம்,7
252812,Thiruthuraipoondi,Thiruthuraipoondi,5
252830,Thiruvaiyaru,திருவையாறு,5
252359,Thiruvalam,திருவலம்,7
252434,Thiruvannamalai,Thiruvannamalai,5
252424,Thiruvathipuram,Thiruvathipuram,5
253049,Thiruvattar,திருவட்டாறு,7
252991,Thiruvengadam,திருவேங்கடம்,7
252447,Thiruvennainallur,திருவெண்ணைநல்லூர்,7
252277,Thiruverkadu,திருவேற்காடு,5
252817,Thiruvidaimarudur,திருவிடைமருதூர்,7
253059,Thiruvithancode,திருவிதாங்கோடு,7
253030,Thisayanvilai,திசையன்விளை,7
252797,Thittachery,திட்டச்சேரி,7
252657,Thondamuthur,தொண்டமுத்தூர்,7
252950,Thondi,தொண்டி,7
252970,Thoothukudi,Thoothukudi,4
252771,Thorapadi,தொரப்பாடி,7
252734,Thottiyam,தொட்டியம்,7
252741,Thuraiyur,Thuraiyur,5
252754,Thuvakudi,Thuvakudi,5
252375,Timiri,திமிரி,7
252438,Tindivanam,Tindivanam,5
252984,Tiruchendur,திருச்செந்தூர்,5
252502,Tiruchengode,Tiruchengode,5
252749,Tiruchirappalli,Tiruchirappalli,4
252343,Tirukalukundram,திருக்கழுக்குன்றம்,7
252446,Tirukkoyilur,திருக்கோயிலூர்,5
252888,Tirumangalam,திருமங்கலம்,5
253011,Tirunelveli,Tirunelveli,4
252857,Tirupathur,திருப்பத்தூர்,7
252621,Tiruppur,Tiruppur,4
252269,Tiruttani,Tiruttani,5
252273,Tiruvallur,Tiruvallur,5
252808,Tiruvarur,Tiruvarur,5
252789,Tittakudi,திட்டக்குடி,5
252887,T.Kallupatti,தே.கல்லுப்பட்டி,7
252985,Udangudi,உடன்குடி,7
252766,Udayarpalayam,உடையார்பாளையம்,7
252600,Udhagamandalam,Udhagamandalam,5
252683,Udumalpet,உடுமலைப்பேட்டை,5
252453,Ulundurpettai,உளுந்தூர்பேட்டை,5
252581,Unjalur,ஊஞ்சலூர்,7
253039,Unnamalaikadai,உண்ணாமலைக்கடை,7
252727,Uppidamangalam,உப்பிடாமங்கலம்,7
252739,Uppiliapuram,உப்பிலியாபுரம்,7
252884,Usilampatti,Usilampatti,5
252915,Uthamapalayam,உத்தமபாளையம்,7
252411,Uthangarai,ஊத்தங்கரை,7
252392,Uthayendram,உதயேந்திரம்,7
252342,Uthiramerur,உத்திரமேரூர்,7
252268,Uthukkottai,ஊத்துக்கோட்டை,7
252560,Uthukuli,ஊத்துக்குளி,7
253003,Vadakarai Keezhpadugai,வடகரை கீழ்பிடாகை,7
252449,Vadakkanandal,வடக்கநந்தல்,7
253029,Vadakkuvalliyur,வடக்குவள்ளியூர்,7
252776,Vadalur,வடலூர்,5
252700,Vadamadurai,வடமதுரை,7
252881,Vadipatti,வாடிப்பட்டி,7
252576,Vadugapatti,வடுகப்பட்டி,7
252904,Vadugapatti,வடுகப்பட்டி,7
252792,Vaitheeswarankoil,வைத்தீஸ்வரன்கோயில்,7
252803,Valangaiman,வலங்கைமான்,7
252443,Valavanur,வளவனூர்,7
252836,Vallam,வல்லம்,7
252689,Valparai,Valparai,5
253056,Valvaithankoshtam,வாள்வச்சகோஸ்டம்,7
252460,Vanavasi,வனவாசி,7
252426,Vandavasi,Vandavasi,5
252542,Vaniputhur,வாணிபுத்தூர்,7
252394,Vaniyambadi,Vaniyambadi,5
252764,Varadarajanpettai,வரதராஜன்பேட்டை,7
252989,Vasudevanallur,வாசுதேவநல்லூர்,7
252488,Vazhapadi,வாழப்பாடி,7
252655,Vedapatti,வேடப்பட்டி,7
252802,Vedaranyam,Vedaranyam,5
252697,Vedasandur,வேடசந்தூர்,7
252494,Veeraganur,வீரகனூர்,7
252456,Veerakkalpudur,வீரக்கல்புதூர்,7
252626,Veerapandi,வீரபாண்டி,7
253018,Veeravanallur,வீரகனூர்,7
252800,Velankanni,வேளாங்கண்ணி,7
252587,Vellakoil,Vellakoil,5
252664,Vellalur,வெள்ளலூர்,7
253072,Vellimalai,வெள்ளிமலை,7
252381,Vellore,Vellore,4
252578,Vellottamparappu,வெள்ளோட்டம்பரப்பு,7
252523,Velur,வேலூர்,7
252582,Vengambur,வெங்கம்பூர்,7
252526,Venkarai,வெங்கரை,7
252508,Vennanthur,வெண்ணந்தூர்,7
252815,Veppathur,வேப்பத்தூர்,7
253054,Verkilambi,வேர்கிளம்பி,7
252680,Vettaikaranpudur,வேட்டைக்காரன்புதூர்,7
252435,Vettavalam,வேட்டவலம்,7
253015,Vikramasingapuram,Vikramasingapuram,5
252441,Vikravandi,விக்ரவாண்டி,7
252374,Vilapakkam,விளாப்பாக்கம்,7
252968,Vilathikulam,விளாத்திக்குளம்,7
253060,Vilavur,விளாவூர்,7
253062,Villukuri,வில்லுக்குரி,7
252442,Villupuram,Villupuram,5
252787,Virudhachalam,Virudhachalam,5
252943,Virudhunagar,Virudhunagar,5
252967,V. Pudur,வி. புதூர்,7
252341,Walajabad,வாலாஜாபாத்,7
252365,Walajapet,வாலாஜாபேட்டை,5
260677,Watrap,வத்திராயிருப்பு,7
260678,W.Pudhupatti,வ. புதுப்பட்டி,7
252673,Zamin Uthukuli,ஜமீன் ஊத்துக்குளி,7
